age,ed,employ,address,income,debtinc,creddebt,othdebt,random_forest_predictions,logistic_regression_predictions
42,1,0,3,22.4,3.63,257.76,0.56,0.0,1.0
33,1,4,4,19.0,7.44,802.92,0.61,0.0,0.0
34,1,4,13,40.8,15.04,392.72,5.74,0.0,0.0
32,5,4,4,35.3,5.19,115.42,1.72,0.0,0.0
34,2,7,1,39.9,15.3,1965.71,4.14,0.0,1.0
43,1,6,21,30.1,4.21,551.24,0.72,0.0,0.0
33,1,1,4,27.4,6.36,906.17,0.84,0.0,1.0
39,1,7,8,33.7,14.29,1762.56,3.05,0.0,1.0
48,2,25,16,334.9,6.56,17817.22,4.15,0.0,1.0
24,2,0,0,29.0,7.17,607.16,1.47,1.0,1.0
48,4,8,28,45.7,13.71,1898.44,4.37,0.0,0.0
38,2,4,3,19.5,7.25,175.31,1.24,0.0,0.0
32,1,6,9,25.1,8.14,1182.98,0.86,0.0,0.0
36,1,6,5,34.4,8.03,1469.55,1.29,0.0,0.0
24,2,2,0,16.2,18.72,1719.51,1.31,1.0,1.0
36,2,9,11,60.0,14.84,5191.03,3.71,1.0,1.0
25,1,9,1,45.1,8.47,1367.55,2.45,0.0,0.0
38,1,7,17,43.0,14.81,1159.03,5.21,0.0,0.0
26,1,8,0,26.0,6.17,137.96,1.47,0.0,0.0
24,1,6,2,26.0,22.74,1832.84,4.08,1.0,1.0
39,2,3,14,35.0,12.88,2217.94,2.29,0.0,1.0
31,1,12,1,31.8,4.19,747.49,0.58,0.0,0.0
32,2,11,0,40.9,2.04,450.55,0.38,0.0,0.0
38,1,11,9,66.2,7.03,390.92,4.26,0.0,0.0
48,1,2,10,42.4,19.89,4098.61,4.33,1.0,1.0
42,1,17,3,88.8,11.47,3167.65,7.02,0.0,0.0
36,1,11,7,33.5,8.77,1339.71,1.6,0.0,0.0
38,2,2,7,61.7,1.14,156.85,0.55,0.0,0.0
39,2,17,11,40.5,9.83,1648.2,2.33,0.0,0.0
29,1,1,1,22.9,1.01,78.87,0.15,0.0,0.0
27,2,3,4,25.8,9.04,1903.17,0.43,0.0,1.0
42,3,5,22,31.9,13.63,1295.7,3.05,0.0,0.0
39,2,8,0,25.8,20.82,2669.67,2.7,0.0,1.0
42,1,2,3,22.6,7.35,895.33,0.77,0.0,1.0
26,2,0,0,14.1,15.99,1109.26,1.15,1.0,1.0
44,2,20,22,91.1,6.19,2577.06,3.06,0.0,0.0
28,1,12,5,26.3,3.72,619.3,0.36,0.0,0.0
31,3,8,1,21.8,7.9,948.93,0.77,0.0,0.0
41,3,7,9,71.0,20.5,6156.77,8.4,1.0,1.0
34,1,8,15,32.6,7.06,131.19,2.17,0.0,0.0
27,2,9,2,38.7,4.95,1402.26,0.51,0.0,0.0
45,1,23,3,69.1,8.14,1406.19,4.22,0.0,0.0
45,3,22,6,116.5,4.67,1039.15,4.4,0.0,0.0
44,4,19,9,54.5,7.19,1320.55,2.6,0.0,0.0
37,1,0,12,17.4,9.66,226.91,1.45,0.0,0.0
40,1,23,2,57.6,2.88,356.66,1.3,0.0,0.0
31,1,8,3,35.7,9.54,476.81,2.93,0.0,0.0
49,1,27,21,105.0,13.44,451.58,13.66,0.0,0.0
35,1,4,8,19.1,2.91,429.09,0.13,0.0,0.0
30,2,10,7,38.8,3.49,96.14,1.26,0.0,0.0
35,3,13,6,48.3,6.82,1367.03,1.93,0.0,0.0
28,1,9,2,31.1,13.68,906.2,3.35,0.0,0.0
22,2,1,3,13.8,6.53,142.38,0.76,1.0,1.0
27,1,9,8,16.4,7.95,724.91,0.58,0.0,0.0
39,1,10,12,29.4,4.33,241.87,1.03,0.0,0.0
44,1,5,16,33.1,14.43,649.58,4.13,0.0,0.0
28,1,11,4,26.1,16.6,883.85,3.45,0.0,0.0
22,1,6,1,19.6,9.53,115.81,1.75,0.0,0.0
35,1,6,1,28.7,8.25,492.49,1.88,0.0,0.0
32,1,0,7,18.0,7.82,860.04,0.55,0.0,1.0
29,1,2,7,28.1,10.26,965.83,1.92,0.0,1.0
36,2,17,15,78.0,6.36,2936.79,2.02,0.0,0.0
27,1,6,7,32.8,22.3,2157.75,5.16,1.0,1.0
27,5,1,7,32.3,7.58,1486.14,0.96,0.0,1.0
22,4,0,1,22.9,12.34,1271.64,1.55,1.0,1.0
55,1,34,27,170.5,18.48,2268.6,29.24,0.0,0.0
29,1,10,8,30.3,4.4,822.58,0.51,0.0,0.0
39,1,9,8,51.3,5.84,368.5,2.63,0.0,0.0
39,1,14,2,30.4,5.08,781.43,0.76,0.0,0.0
46,3,10,22,88.4,4.46,1395.69,2.55,0.0,0.0
31,1,6,8,20.3,1.33,99.63,0.17,0.0,0.0
40,2,6,5,33.0,13.85,909.53,3.66,0.0,1.0
35,2,13,8,39.7,4.87,1102.03,0.83,0.0,0.0
26,1,3,6,17.8,22.19,687.27,3.26,1.0,1.0
44,1,14,12,56.5,3.11,374.27,1.38,0.0,0.0
38,2,9,18,76.8,15.67,7112.42,4.92,0.0,1.0
38,1,5,2,40.8,21.8,1965.66,6.93,1.0,1.0
30,2,11,3,38.9,22.33,547.24,8.14,0.0,1.0
23,1,5,4,23.7,20.76,1392.39,3.53,1.0,1.0
33,1,17,12,28.2,4.99,40.81,1.37,0.0,0.0
49,1,6,13,32.0,6.54,184.17,1.91,0.0,0.0
33,1,12,3,55.6,12.83,1027.22,6.11,0.0,0.0
22,1,2,3,16.2,15.2,871.69,1.59,1.0,1.0
30,1,1,1,18.9,1.08,79.2,0.12,0.0,0.0
20,2,1,1,18.3,15.31,327.8,2.47,0.0,1.0
32,2,7,12,16.6,7.57,644.65,0.61,0.0,0.0
28,1,4,5,24.2,11.59,765.7,2.04,0.0,1.0
21,1,5,0,17.4,8.52,418.06,1.06,0.0,0.0
24,2,3,1,32.3,4.72,542.74,0.98,0.0,0.0
37,2,0,16,32.3,13.8,2130.64,2.33,1.0,1.0
56,1,31,21,154.5,17.54,17316.45,9.78,0.0,1.0
39,1,4,17,23.9,9.9,854.16,1.51,0.0,0.0
25,1,3,5,29.7,12.09,287.26,3.3,1.0,1.0
39,2,4,0,37.5,2.81,377.24,0.68,0.0,0.0
33,2,11,6,77.6,4.35,1880.21,1.5,0.0,0.0
37,1,16,17,46.6,13.68,1408.85,4.97,0.0,0.0
39,1,3,18,29.8,5.65,410.82,1.27,0.0,0.0
28,1,0,0,15.5,7.72,314.71,0.88,0.0,1.0
36,1,7,12,35.6,2.97,255.87,0.8,0.0,0.0
37,1,19,10,78.9,5.01,841.97,3.11,0.0,0.0
29,1,11,7,44.0,12.83,3178.25,2.47,0.0,1.0
36,2,2,8,33.0,16.4,3203.9,2.21,1.0,1.0
34,2,3,3,25.3,9.97,615.47,1.91,0.0,1.0
47,3,13,1,66.4,5.11,1923.85,1.47,0.0,0.0
23,2,4,1,26.4,14.76,1168.99,2.73,0.0,1.0
27,2,6,0,39.1,5.25,558.35,1.49,0.0,0.0
30,1,5,7,20.3,17.1,114.55,3.36,0.0,1.0
28,1,9,3,25.2,3.54,197.15,0.69,0.0,0.0
41,1,23,3,113.5,9.51,3723.88,7.07,0.0,0.0
44,2,20,12,80.7,20.01,3407.24,12.74,0.0,0.0
36,2,10,13,29.1,5.38,709.21,0.86,0.0,0.0
36,1,19,10,43.1,2.23,446.93,0.51,0.0,0.0
41,3,8,18,42.8,2.54,276.13,0.81,0.0,0.0
26,1,5,3,19.9,9.08,957.67,0.85,0.0,1.0
21,1,2,2,31.3,10.47,786.51,2.49,0.0,1.0
50,1,24,4,96.2,1.35,107.79,1.19,0.0,0.0
32,1,7,8,21.8,13.8,1004.81,2.0,0.0,0.0
47,1,10,9,48.3,18.2,3507.45,5.28,0.0,1.0
34,3,9,0,45.9,6.31,448.92,2.45,0.0,0.0
29,1,7,6,23.3,9.64,1107.34,1.14,0.0,0.0
28,1,1,4,24.8,29.47,2009.85,5.3,1.0,1.0
41,2,22,19,168.7,5.1,6211.87,2.39,0.0,0.0
30,1,8,2,28.4,21.66,2392.91,3.76,1.0,1.0
34,2,11,7,37.7,3.69,580.1,0.81,0.0,0.0
53,1,31,15,175.4,16.22,8677.21,19.77,0.0,0.0
32,2,1,1,21.5,5.82,252.76,1.0,0.0,1.0
39,2,8,19,29.6,8.78,680.91,1.92,0.0,0.0
44,2,10,17,47.7,8.15,1325.65,2.56,0.0,0.0
33,1,6,2,27.3,5.31,662.48,0.79,0.0,0.0
34,4,7,5,36.1,12.16,1277.42,3.11,0.0,1.0
51,1,10,30,30.2,3.45,271.94,0.77,0.0,0.0
46,2,0,21,27.0,30.01,6498.37,1.6,1.0,1.0
42,2,20,10,128.3,6.89,3880.7,4.96,0.0,0.0
21,1,0,0,17.5,4.89,238.75,0.62,1.0,1.0
50,2,5,8,34.8,16.43,2818.8,2.9,1.0,1.0
33,1,14,10,42.0,11.56,869.08,3.99,0.0,0.0
30,1,12,6,31.5,18.47,2903.21,2.91,0.0,1.0
28,1,9,5,21.5,3.22,218.07,0.47,0.0,0.0
21,1,5,1,26.2,4.27,638.8,0.48,0.0,0.0
33,3,7,10,46.6,16.41,1934.71,5.71,1.0,1.0
39,2,4,15,27.8,12.63,684.67,2.83,0.0,0.0
26,1,5,6,20.4,3.67,241.07,0.51,0.0,0.0
39,2,14,1,81.2,8.52,1791.82,5.13,0.0,0.0
39,2,4,11,33.4,2.13,539.26,0.17,0.0,0.0
33,2,15,4,61.9,12.94,2731.36,5.28,0.0,0.0
29,1,11,9,29.6,0.37,53.56,0.06,0.0,0.0
46,2,13,25,67.7,14.49,5915.27,3.89,0.0,1.0
31,1,10,9,26.2,8.18,947.28,1.2,0.0,0.0
38,3,6,12,96.9,13.99,948.94,12.61,0.0,0.0
30,1,0,2,19.0,25.22,1514.21,3.28,1.0,1.0
41,2,4,6,37.9,3.93,840.06,0.65,0.0,0.0
35,4,4,4,31.2,2.4,252.35,0.5,0.0,0.0
35,3,11,3,62.1,6.82,1190.1,3.05,0.0,0.0
55,1,26,27,159.3,10.61,709.87,16.19,0.0,0.0
43,1,25,20,119.9,13.8,4169.64,12.38,0.0,0.0
42,2,0,22,21.7,13.98,1028.41,2.01,0.0,0.0
24,2,2,4,32.4,10.36,1013.71,2.34,0.0,1.0
26,3,3,2,23.5,5.51,200.7,1.09,0.0,0.0
40,2,6,15,24.5,3.47,115.62,0.73,0.0,0.0
26,2,2,1,24.7,8.75,121.03,2.04,0.0,1.0
25,1,8,2,34.5,5.29,733.67,1.09,0.0,0.0
35,1,8,13,28.7,32.85,6354.44,3.07,1.0,1.0
35,1,11,12,27.5,6.8,613.36,1.26,0.0,0.0
44,2,21,5,135.9,4.53,2191.63,3.96,0.0,0.0
37,2,1,17,25.5,4.19,529.95,0.54,0.0,0.0
24,2,5,5,31.2,9.47,1370.95,1.58,0.0,1.0
43,1,6,20,34.0,3.66,531.36,0.71,0.0,0.0
32,1,6,4,37.6,6.62,634.73,1.85,0.0,0.0
29,2,9,1,60.1,8.5,2263.07,2.85,0.0,1.0
42,1,9,21,21.1,3.55,356.55,0.39,0.0,0.0
39,3,0,9,25.1,11.45,1092.1,1.78,0.0,1.0
24,1,3,4,25.1,2.13,112.81,0.42,0.0,0.0
27,1,4,3,20.6,20.16,789.06,3.36,1.0,1.0
26,1,8,4,29.0,15.5,454.0,4.04,0.0,0.0
25,1,1,5,18.8,12.3,1216.32,1.1,1.0,1.0
31,1,9,7,24.7,33.78,6483.02,1.86,1.0,1.0
48,2,27,1,147.5,8.67,6342.97,6.45,0.0,0.0
38,1,15,1,41.5,3.68,1012.53,0.51,0.0,0.0
33,2,10,4,37.3,24.29,3986.47,5.07,1.0,1.0
42,1,19,23,50.0,3.17,462.82,1.12,0.0,0.0
36,2,16,6,101.5,6.33,3251.02,3.17,0.0,0.0
21,2,2,0,21.8,9.35,1011.0,1.03,0.0,1.0
34,1,10,9,56.0,8.82,938.45,4.0,0.0,0.0
35,1,2,10,21.9,6.43,619.59,0.79,0.0,0.0
40,2,14,1,50.7,9.19,3648.26,1.01,0.0,1.0
41,2,17,20,50.1,0.85,126.9,0.3,0.0,0.0
32,2,10,1,46.5,8.0,1272.24,2.45,0.0,0.0
41,2,19,11,72.6,15.91,5290.2,6.26,0.0,1.0
38,1,4,13,23.6,0.9,98.55,0.11,0.0,0.0
45,1,1,2,32.7,13.23,99.5,4.23,0.0,1.0
41,2,15,12,83.8,1.26,482.54,0.57,0.0,0.0
34,2,15,11,40.5,10.25,1946.94,2.2,0.0,0.0
32,1,9,1,30.8,3.14,145.07,0.82,0.0,0.0
41,2,21,13,81.2,3.81,949.77,2.14,0.0,0.0
33,1,8,4,44.2,2.2,257.69,0.71,0.0,0.0
25,2,4,6,29.9,3.18,429.77,0.52,0.0,0.0
31,1,8,2,32.2,14.07,1100.92,3.43,0.0,1.0
29,2,1,8,23.5,5.44,161.08,1.12,0.0,0.0
39,1,17,6,45.2,1.4,333.49,0.3,0.0,0.0
34,4,8,15,19.4,13.89,649.41,2.05,0.0,0.0
34,1,6,12,25.0,16.69,2094.6,2.08,0.0,1.0
30,2,7,6,50.6,1.9,660.48,0.3,0.0,0.0
53,3,27,32,414.2,5.9,10630.44,13.81,0.0,0.0
52,1,10,28,29.5,19.81,3570.65,2.27,0.0,0.0
24,1,4,3,15.7,1.34,100.77,0.11,0.0,0.0
39,1,8,18,25.4,10.5,901.45,1.77,0.0,0.0
52,2,0,20,22.3,23.54,2430.48,2.82,0.0,1.0
39,2,1,5,48.8,18.43,674.54,8.32,1.0,1.0
37,1,7,17,58.7,16.81,3118.12,6.75,0.0,1.0
28,2,2,3,16.3,5.0,290.96,0.52,0.0,0.0
32,1,6,13,17.7,10.47,665.3,1.19,0.0,0.0
34,4,3,11,24.4,1.55,209.52,0.17,0.0,0.0
29,2,0,9,27.6,14.47,2551.99,1.44,1.0,1.0
39,1,22,14,64.2,15.4,3391.17,6.5,0.0,0.0
23,3,0,2,23.5,4.65,304.88,0.79,0.0,1.0
40,1,2,2,26.4,13.51,1134.19,2.43,1.0,1.0
48,1,12,14,24.3,8.47,316.96,1.74,0.0,0.0
29,2,2,8,26.8,9.77,1720.26,0.9,0.0,1.0
43,1,2,14,32.2,10.43,1565.04,1.79,0.0,1.0
49,2,12,2,107.6,5.55,1773.62,4.2,0.0,0.0
27,2,9,8,30.8,4.56,321.63,1.08,0.0,0.0
33,1,7,5,27.8,3.52,713.37,0.27,0.0,0.0
27,2,9,4,29.8,5.94,253.13,1.52,0.0,0.0
40,4,10,9,53.2,15.13,152.93,7.9,0.0,0.0
31,1,5,11,23.4,22.93,1936.99,3.43,0.0,1.0
35,1,16,2,34.7,8.03,1404.35,1.38,0.0,0.0
37,3,0,2,57.4,2.83,397.98,1.23,0.0,1.0
35,2,0,1,35.2,4.06,525.92,0.9,0.0,1.0
29,2,7,1,24.5,10.89,784.41,1.88,0.0,1.0
56,4,5,8,96.4,1.62,858.92,0.7,0.0,0.0
43,2,2,18,24.7,1.57,46.92,0.34,0.0,0.0
30,1,5,9,45.2,17.91,3966.71,4.13,1.0,1.0
31,1,6,4,43.0,6.15,1047.22,1.6,0.0,0.0
49,1,5,1,30.9,6.59,926.52,1.11,0.0,1.0
42,1,1,21,23.0,5.63,506.31,0.79,0.0,0.0
30,2,8,1,28.4,15.51,2523.97,1.88,1.0,1.0
55,1,20,35,55.8,8.28,1062.66,3.56,0.0,0.0
47,1,30,17,204.7,6.03,2061.35,10.28,0.0,0.0
37,1,5,17,18.7,35.76,4915.03,1.77,1.0,1.0
30,1,8,10,38.1,23.81,3020.85,6.05,1.0,1.0
29,2,0,1,21.1,8.28,314.47,1.43,1.0,1.0
44,4,3,8,21.5,21.14,2704.33,1.84,1.0,1.0
28,2,3,7,22.4,12.43,868.71,1.92,0.0,1.0
44,2,1,15,50.8,16.88,2623.96,5.95,1.0,1.0
34,1,4,11,21.7,21.76,2190.97,2.53,1.0,1.0
41,1,10,10,39.1,23.02,2106.19,6.89,0.0,1.0
43,2,14,7,36.3,6.57,627.23,1.76,0.0,0.0
49,1,18,3,68.0,25.66,6072.18,11.38,1.0,1.0
29,1,4,8,21.9,12.93,1497.95,1.33,0.0,1.0
47,3,17,24,154.3,13.25,6664.99,13.78,0.0,0.0
33,1,16,4,36.7,23.76,793.51,7.93,0.0,0.0
41,4,17,0,21.4,11.87,1740.02,0.8,0.0,0.0
28,2,7,2,30.0,11.39,533.05,2.88,0.0,0.0
43,3,1,14,33.2,6.93,851.28,1.45,0.0,0.0
49,1,28,28,78.3,4.39,1216.83,2.22,0.0,0.0
38,1,21,4,48.6,7.91,1018.73,2.83,0.0,0.0
26,1,2,6,21.6,3.31,110.82,0.6,0.0,0.0
28,1,11,7,28.3,7.3,970.97,1.09,0.0,0.0
33,1,12,13,22.5,10.49,285.59,2.07,0.0,0.0
25,1,4,3,24.9,1.51,171.45,0.2,0.0,0.0
35,2,16,12,53.6,0.76,124.65,0.28,0.0,0.0
42,4,6,15,41.6,3.99,240.68,1.42,0.0,0.0
40,2,14,19,175.8,4.36,3349.55,4.32,0.0,0.0
38,1,17,16,61.5,9.59,2353.24,3.54,0.0,0.0
36,3,9,8,103.7,28.47,5757.06,23.77,1.0,1.0
32,2,9,10,38.4,21.01,3541.78,4.53,0.0,1.0
34,1,8,10,42.0,7.83,822.15,2.47,0.0,0.0
32,1,2,12,43.8,7.3,828.13,2.37,0.0,0.0
28,3,7,6,59.0,12.06,3116.55,4.0,1.0,1.0
41,1,4,22,19.7,2.14,37.1,0.38,0.0,0.0
41,1,5,5,41.8,20.56,1684.44,6.91,1.0,1.0
55,2,20,26,255.3,1.6,588.21,3.5,0.0,0.0
33,2,3,1,40.1,8.84,1332.86,2.21,0.0,1.0
40,3,3,3,24.6,3.28,214.63,0.59,0.0,0.0
34,2,2,0,38.1,3.56,215.66,1.14,0.0,1.0
34,5,4,8,76.5,10.28,1659.35,6.2,0.0,1.0
32,1,5,0,22.7,12.19,401.23,2.37,0.0,1.0
43,2,7,2,26.0,1.94,273.89,0.23,0.0,0.0
26,2,1,6,59.8,15.92,1066.26,8.45,1.0,1.0
27,1,1,1,20.4,4.51,662.43,0.26,0.0,1.0
28,1,5,8,27.5,2.35,256.56,0.39,0.0,0.0
26,1,8,6,30.0,28.23,4827.33,3.64,1.0,1.0
39,1,5,1,22.1,17.47,297.29,3.56,0.0,1.0
33,1,4,7,44.6,9.93,1589.93,2.84,0.0,1.0
26,1,0,5,24.6,4.39,503.25,0.58,0.0,1.0
28,1,12,6,20.3,10.34,688.48,1.41,0.0,0.0
28,1,4,6,22.6,10.93,1128.87,1.34,0.0,1.0
38,1,15,6,69.4,18.37,8031.73,4.72,0.0,1.0
44,1,26,16,96.0,23.73,6948.14,15.83,0.0,1.0
22,3,0,2,24.3,19.78,2388.85,2.42,1.0,1.0
34,2,1,1,32.0,9.44,879.05,2.14,0.0,1.0
45,2,17,20,160.5,11.58,2471.92,16.11,0.0,0.0
38,5,6,3,229.6,16.17,4269.53,32.86,1.0,1.0
41,1,18,2,136.2,17.21,8321.21,15.12,0.0,1.0
39,1,12,8,60.3,8.11,1320.39,3.57,0.0,0.0
34,1,10,14,46.7,9.13,1402.76,2.86,0.0,0.0
43,1,18,7,105.5,1.61,383.87,1.31,0.0,0.0
27,2,3,0,20.3,6.75,559.06,0.81,0.0,1.0
49,3,22,24,105.0,8.25,1741.16,6.92,0.0,0.0
26,1,7,3,22.5,6.44,241.98,1.21,0.0,0.0
23,2,4,4,17.1,3.01,190.44,0.32,0.0,0.0
31,4,5,3,27.8,9.67,879.06,1.81,0.0,1.0
50,3,12,7,37.1,22.0,1795.64,6.37,0.0,1.0
32,1,1,1,20.3,26.94,628.91,4.84,1.0,1.0
42,2,22,11,106.0,8.28,4028.55,4.75,0.0,0.0
23,4,0,2,16.9,8.3,726.6,0.68,0.0,1.0
34,2,9,4,43.7,3.81,506.15,1.16,0.0,0.0
34,1,8,11,25.1,6.97,1086.42,0.66,0.0,0.0
51,3,22,21,123.3,17.57,5459.28,16.2,0.0,0.0
26,1,4,7,20.8,14.03,423.14,2.5,0.0,1.0
43,3,7,1,87.1,11.61,3417.96,6.69,0.0,1.0
32,2,6,8,26.4,12.92,1227.92,2.18,0.0,1.0
32,1,2,7,19.5,1.14,87.59,0.13,0.0,0.0
27,2,1,0,15.9,6.68,193.31,0.87,0.0,1.0
41,1,13,15,48.9,1.3,364.26,0.27,0.0,0.0
25,1,7,1,50.2,16.66,1246.13,7.12,0.0,1.0
34,3,10,2,41.9,7.48,1570.19,1.56,0.0,0.0
30,2,10,4,32.3,12.69,2426.53,1.67,0.0,1.0
35,2,8,3,31.8,3.48,416.1,0.69,0.0,0.0
29,2,9,4,28.0,12.3,1732.33,1.71,0.0,1.0
32,1,4,7,30.3,11.37,950.85,2.49,0.0,1.0
32,1,1,13,27.9,20.57,1509.36,4.23,0.0,1.0
21,2,1,1,18.5,11.65,739.25,1.42,0.0,1.0
29,2,2,5,20.6,8.24,1026.95,0.67,0.0,1.0
37,3,10,4,52.4,11.21,2925.27,2.95,0.0,1.0
23,1,1,4,18.9,3.65,341.48,0.35,0.0,0.0
30,1,1,7,20.1,0.12,5.76,0.02,0.0,0.0
35,5,6,16,43.1,2.8,435.65,0.77,0.0,0.0
44,1,17,21,43.3,11.61,427.31,4.6,0.0,0.0
36,1,13,3,50.6,24.88,5199.37,7.39,1.0,1.0
48,4,3,8,36.1,21.84,5999.91,1.88,1.0,1.0
41,2,4,4,35.2,8.3,201.59,2.72,0.0,0.0
26,4,0,7,65.0,5.18,1259.26,2.11,1.0,1.0
34,1,3,14,20.7,8.02,451.56,1.21,0.0,0.0
23,1,4,0,22.1,20.69,544.13,4.03,1.0,1.0
46,4,7,4,391.3,7.58,5309.24,24.35,1.0,1.0
44,3,16,5,55.4,2.58,242.98,1.19,0.0,0.0
53,2,25,0,190.3,2.39,1355.35,3.19,0.0,0.0
37,1,17,9,51.1,14.61,1328.9,6.14,0.0,0.0
29,2,1,10,39.0,19.55,2516.09,5.11,1.0,1.0
31,3,6,3,27.8,2.14,85.67,0.51,0.0,0.0
34,2,15,8,39.6,23.49,1004.62,8.3,0.0,0.0
43,1,24,22,106.7,6.38,4533.77,2.27,0.0,0.0
26,5,0,4,29.8,19.83,1666.43,4.24,1.0,1.0
34,1,10,4,34.9,7.29,81.41,2.46,0.0,0.0
46,1,15,17,45.1,3.67,309.52,1.35,0.0,0.0
47,2,17,16,60.2,17.6,1621.07,8.97,0.0,0.0
33,1,5,0,46.8,5.18,1641.21,0.78,0.0,1.0
27,1,6,0,18.9,41.71,1899.85,5.98,1.0,1.0
45,1,7,6,30.4,19.22,1600.95,4.24,0.0,1.0
35,1,15,16,35.8,31.77,3616.82,7.76,0.0,1.0
32,1,2,7,29.4,5.03,190.77,1.29,0.0,0.0
25,1,1,3,17.5,15.87,441.58,2.34,0.0,1.0
29,1,7,7,18.6,3.74,121.74,0.57,0.0,0.0
32,1,1,9,25.9,10.56,1783.25,0.95,1.0,1.0
46,1,4,17,43.4,2.57,384.81,0.73,0.0,0.0
31,2,8,8,41.2,14.59,2133.93,3.88,0.0,1.0
34,2,7,11,25.5,10.1,813.86,1.76,0.0,0.0
42,1,2,22,27.5,9.31,1723.05,0.84,0.0,0.0
33,2,0,9,23.6,9.46,223.26,2.01,0.0,1.0
36,1,4,9,19.3,16.5,1706.89,1.48,0.0,1.0
27,2,4,5,24.4,14.66,243.24,3.33,0.0,1.0
33,2,13,11,33.1,6.05,1143.46,0.86,0.0,0.0
37,1,5,6,24.3,10.66,474.04,2.12,0.0,0.0
46,1,25,18,52.3,4.26,884.51,1.34,0.0,0.0
30,1,9,4,25.3,8.05,912.42,1.12,0.0,0.0
25,1,2,1,23.8,9.03,1536.64,0.61,0.0,1.0
26,1,8,2,21.9,13.41,2270.14,0.67,0.0,1.0
25,1,7,5,17.2,10.27,275.56,1.49,0.0,0.0
49,5,16,9,157.0,0.31,202.47,0.28,0.0,0.0
35,1,8,10,24.9,3.67,249.48,0.66,0.0,0.0
25,2,6,0,21.5,7.31,693.1,0.88,0.0,0.0
46,3,8,12,90.5,1.76,1231.23,0.36,0.0,0.0
41,2,12,7,51.6,12.51,1181.29,5.27,0.0,0.0
29,2,10,2,55.7,3.39,1293.44,0.59,0.0,0.0
37,1,5,8,19.3,16.08,974.48,2.13,0.0,1.0
25,2,3,2,29.0,16.46,2525.13,2.25,1.0,1.0
27,1,3,1,17.0,25.46,1800.53,2.53,1.0,1.0
35,2,8,4,43.9,18.92,3662.89,4.64,1.0,1.0
51,3,0,2,45.8,9.28,2120.87,2.13,1.0,1.0
37,3,2,3,44.3,9.57,2166.39,2.07,0.0,1.0
43,2,11,24,66.6,8.23,1057.87,4.42,0.0,0.0
43,3,4,14,31.6,16.33,1795.78,3.36,0.0,1.0
28,1,1,2,14.1,14.83,1208.62,0.88,1.0,1.0
26,2,5,7,55.6,12.67,2049.96,4.99,1.0,1.0
32,1,9,13,20.6,9.41,463.29,1.48,0.0,0.0
32,1,13,2,41.2,3.73,253.57,1.28,0.0,0.0
42,1,9,13,77.0,11.2,888.27,7.74,0.0,0.0
23,1,6,3,23.0,8.25,982.91,0.91,0.0,0.0
45,1,12,15,49.6,9.8,1730.44,3.13,0.0,0.0
24,4,0,4,44.6,8.17,1278.98,2.36,1.0,1.0
39,1,6,9,41.4,6.1,1378.87,1.15,0.0,0.0
34,1,0,6,24.3,10.68,311.43,2.28,0.0,1.0
32,1,4,5,33.5,4.11,96.38,1.28,0.0,0.0
32,1,0,6,16.3,10.51,918.24,0.79,0.0,1.0
31,1,11,11,26.7,5.66,566.71,0.94,0.0,0.0
26,1,6,4,22.6,27.71,2523.77,3.74,1.0,1.0
40,4,5,6,40.5,14.4,1504.66,4.33,0.0,1.0
42,1,12,16,45.9,30.03,3239.19,10.54,0.0,1.0
44,1,5,14,48.8,9.46,3102.27,1.51,0.0,1.0
40,2,2,7,41.3,0.58,49.58,0.19,0.0,0.0
29,2,0,9,28.2,4.37,555.79,0.68,0.0,0.0
39,1,10,6,101.5,0.58,244.31,0.34,0.0,0.0
31,2,8,2,36.5,17.17,708.18,5.56,0.0,1.0
43,1,17,21,52.3,6.67,1660.48,1.83,0.0,0.0
40,2,4,13,21.6,10.77,535.05,1.79,0.0,0.0
35,1,12,9,51.9,6.49,1364.17,2.0,0.0,0.0
40,4,6,4,17.4,6.64,658.56,0.5,0.0,0.0
49,1,28,13,160.2,17.42,8120.89,19.79,0.0,1.0
39,1,21,13,73.6,7.32,2289.7,3.1,0.0,0.0
37,3,2,8,57.1,1.85,408.81,0.65,0.0,0.0
41,3,8,17,48.3,7.08,1131.9,2.29,0.0,0.0
36,1,16,8,35.2,5.07,1061.86,0.72,0.0,0.0
24,3,2,0,19.6,15.97,1956.33,1.17,1.0,1.0
39,1,13,12,33.4,16.39,1669.65,3.8,0.0,0.0
29,1,4,10,17.8,8.26,685.15,0.79,0.0,0.0
37,3,8,1,132.4,6.17,1519.45,6.65,0.0,0.0
41,3,15,7,98.1,2.43,338.5,2.05,0.0,0.0
29,1,12,0,24.3,13.32,1819.06,1.42,0.0,0.0
31,1,7,1,32.7,6.85,320.31,1.92,0.0,0.0
28,3,5,6,42.2,4.18,322.8,1.44,0.0,0.0
44,1,1,6,20.3,6.9,514.06,0.89,0.0,1.0
25,1,8,5,19.2,3.83,171.34,0.56,0.0,0.0
26,3,0,5,23.6,10.95,74.94,2.51,0.0,1.0
25,1,1,2,15.1,18.98,1109.13,1.76,1.0,1.0
33,1,7,4,31.8,9.68,757.25,2.32,0.0,0.0
32,1,1,4,19.4,9.78,897.43,1.0,1.0,1.0
24,3,0,0,29.0,14.08,734.98,3.35,1.0,1.0
29,2,4,0,32.1,4.98,398.05,1.2,0.0,0.0
34,1,10,13,36.5,7.69,1698.14,1.11,0.0,0.0
24,3,1,3,27.2,4.53,430.02,0.8,0.0,1.0
39,3,14,2,71.7,3.88,331.05,2.45,0.0,0.0
26,1,3,1,20.8,1.28,74.28,0.19,0.0,0.0
44,1,12,9,60.2,10.28,1788.49,4.4,0.0,0.0
37,1,2,0,24.1,15.29,1153.37,2.53,1.0,1.0
35,1,6,1,29.3,4.73,776.1,0.61,0.0,0.0
28,1,10,1,26.4,9.93,395.85,2.23,0.0,0.0
36,2,8,9,37.4,11.69,489.67,3.88,0.0,0.0
40,2,6,7,33.9,11.56,2335.63,1.58,0.0,1.0
28,1,2,2,24.2,2.53,128.57,0.48,0.0,0.0
32,2,5,13,35.6,6.89,711.32,1.74,0.0,0.0
32,2,10,2,57.5,1.74,480.24,0.52,0.0,0.0
45,3,16,20,144.0,10.45,5567.76,9.48,0.0,0.0
51,1,6,2,36.1,2.79,350.5,0.66,0.0,0.0
37,1,6,0,29.5,1.42,83.36,0.34,0.0,0.0
25,1,3,4,17.8,4.94,102.0,0.78,0.0,0.0
28,1,5,5,27.7,15.12,2341.23,1.85,1.0,1.0
48,2,4,19,32.1,5.1,1111.59,0.53,0.0,0.0
45,2,1,16,20.9,7.61,766.62,0.82,0.0,0.0
51,1,21,17,66.0,6.92,3439.1,1.13,0.0,0.0
24,2,2,2,21.2,11.05,1161.93,1.18,0.0,1.0
37,1,21,3,69.8,9.41,302.14,6.27,0.0,0.0
37,2,5,8,27.3,3.88,206.55,0.85,0.0,0.0
49,1,20,7,66.5,8.92,1405.84,4.53,0.0,0.0
32,2,8,2,57.9,2.25,356.95,0.95,0.0,0.0
33,1,17,0,27.4,3.44,347.8,0.59,0.0,0.0
43,1,2,1,26.0,19.92,1160.14,4.02,1.0,1.0
29,2,1,3,25.5,2.53,220.0,0.43,0.0,0.0
32,1,13,2,24.4,4.63,149.12,0.98,0.0,0.0
28,1,1,6,16.2,13.17,330.7,1.8,0.0,1.0
26,2,0,4,21.8,9.32,554.67,1.48,1.0,1.0
28,1,5,2,17.1,6.05,237.95,0.8,0.0,0.0
33,1,0,8,25.1,11.13,1352.12,1.44,0.0,1.0
37,1,14,14,40.6,2.92,510.96,0.67,0.0,0.0
32,3,1,2,33.2,1.2,61.35,0.34,0.0,0.0
23,2,3,3,20.9,3.57,405.15,0.34,0.0,0.0
31,1,2,1,19.9,10.33,481.03,1.57,1.0,1.0
36,2,15,1,145.2,11.41,6510.96,10.06,0.0,1.0
37,2,10,11,73.1,5.65,384.1,3.75,0.0,0.0
27,2,6,3,57.2,5.05,1718.72,1.17,0.0,0.0
30,1,14,1,29.8,10.36,833.57,2.25,0.0,0.0
21,1,4,2,22.4,9.55,406.45,1.73,0.0,1.0
32,3,7,9,30.7,7.39,190.57,2.08,0.0,0.0
22,1,5,0,18.4,4.68,117.11,0.74,0.0,0.0
32,3,7,5,33.7,5.86,426.56,1.55,0.0,0.0
22,2,2,1,23.4,10.37,395.53,2.03,0.0,1.0
29,1,3,4,22.7,11.1,418.27,2.1,0.0,1.0
39,1,13,9,61.1,8.52,754.83,4.45,0.0,0.0
29,1,3,7,21.0,10.45,706.63,1.49,0.0,1.0
30,1,1,2,18.4,2.55,176.89,0.29,0.0,0.0
30,4,0,0,76.2,7.6,1152.45,4.64,1.0,1.0
33,1,3,8,18.9,10.2,690.15,1.24,0.0,0.0
31,3,8,12,60.3,2.01,235.13,0.98,0.0,0.0
35,1,13,12,29.9,6.89,655.11,1.4,0.0,0.0
34,1,2,11,24.1,9.88,176.2,2.2,0.0,0.0
22,1,5,1,21.1,8.88,1064.25,0.81,0.0,1.0
33,3,5,1,30.4,5.04,1020.42,0.51,0.0,0.0
31,2,10,5,25.6,16.28,245.89,3.92,0.0,0.0
30,1,3,5,26.6,5.99,320.26,1.27,0.0,0.0
44,1,18,4,141.3,17.17,6647.57,17.61,0.0,1.0
37,1,19,5,60.3,8.81,1614.98,3.7,0.0,0.0
35,1,14,10,38.7,8.95,1811.49,1.65,0.0,0.0
39,3,13,20,71.8,8.31,340.1,5.63,0.0,0.0
44,1,25,19,84.0,15.74,3688.83,9.53,0.0,0.0
42,3,20,22,147.9,7.65,3122.76,8.19,0.0,0.0
20,1,1,0,22.3,14.71,183.7,3.1,0.0,1.0
27,5,0,7,26.9,7.64,1292.7,0.76,0.0,1.0
26,1,1,4,19.2,10.1,339.36,1.6,0.0,1.0
33,5,5,2,66.0,2.03,389.88,0.95,0.0,0.0
39,1,17,20,47.6,0.84,117.95,0.28,0.0,0.0
35,2,3,15,34.8,5.98,499.45,1.58,0.0,0.0
38,1,2,8,19.5,10.58,856.19,1.21,0.0,1.0
54,1,31,21,333.8,6.39,5567.08,15.76,0.0,0.0
50,2,24,10,152.6,1.13,1157.06,0.57,0.0,0.0
42,2,4,9,32.2,10.1,858.58,2.39,0.0,0.0
40,1,3,9,24.2,6.77,135.98,1.5,0.0,0.0
37,2,17,15,71.0,16.11,2550.7,8.89,0.0,0.0
54,1,29,24,156.8,18.44,13473.89,15.44,0.0,1.0
28,1,12,3,30.5,1.57,89.07,0.39,0.0,0.0
21,1,4,2,20.9,10.85,1049.92,1.22,0.0,1.0
27,3,4,2,28.0,8.36,566.47,1.77,0.0,1.0
32,2,12,13,107.3,10.66,3545.84,7.89,0.0,0.0
29,1,11,3,32.7,13.47,1096.77,3.31,0.0,0.0
31,3,4,11,64.4,18.82,3636.02,8.48,1.0,1.0
44,2,2,4,19.9,11.56,303.66,2.0,0.0,1.0
33,2,0,7,18.0,7.21,210.24,1.09,0.0,1.0
42,1,4,10,36.4,6.6,506.91,1.9,0.0,0.0
32,1,10,3,31.4,2.1,294.09,0.37,0.0,0.0
29,1,11,7,27.8,4.21,93.63,1.08,0.0,0.0
54,2,0,11,45.4,13.42,2041.05,4.05,1.0,1.0
26,1,1,5,18.6,27.82,1650.67,3.52,1.0,1.0
27,1,2,2,21.9,19.26,1847.46,2.37,1.0,1.0
33,2,10,8,46.4,3.3,381.27,1.15,0.0,0.0
24,1,4,1,20.4,1.98,140.16,0.26,0.0,0.0
46,1,7,20,41.9,11.68,1032.62,3.86,0.0,0.0
44,3,22,18,135.0,4.64,350.78,5.91,0.0,0.0
42,3,13,3,58.1,8.62,1006.65,4.0,0.0,0.0
37,1,0,5,23.3,5.93,863.56,0.52,0.0,1.0
34,2,12,9,47.9,26.89,4508.11,8.37,1.0,1.0
42,1,19,21,69.8,14.64,510.94,9.71,0.0,0.0
33,1,12,10,51.0,10.61,1385.24,4.03,0.0,0.0
33,1,13,5,39.4,23.32,2885.06,6.3,1.0,1.0
28,1,7,8,22.4,17.59,1457.86,2.48,0.0,1.0
53,1,17,28,45.0,10.17,974.79,3.6,0.0,0.0
21,2,1,0,25.3,4.51,365.13,0.78,0.0,1.0
41,2,22,22,105.5,10.09,5216.03,5.43,0.0,0.0
33,2,5,6,40.5,21.62,1182.07,7.57,1.0,1.0
43,2,8,23,34.1,3.06,605.21,0.44,0.0,0.0
29,2,3,4,24.1,8.3,750.11,1.25,0.0,1.0
29,2,0,0,21.5,14.84,1257.1,1.93,1.0,1.0
32,2,1,2,28.6,5.06,510.85,0.94,0.0,1.0
25,1,5,6,24.0,8.17,1137.26,0.82,0.0,0.0
28,1,5,0,28.7,11.29,239.78,3.0,0.0,1.0
26,1,2,1,27.4,8.94,558.5,1.89,0.0,1.0
36,1,20,1,87.2,21.91,3381.68,15.72,0.0,1.0
36,2,17,12,112.3,5.54,3670.64,2.55,0.0,0.0
29,1,6,6,34.8,3.61,109.3,1.15,0.0,0.0
26,2,4,2,38.2,14.76,3371.72,2.27,1.0,1.0
45,1,9,6,25.5,2.65,32.44,0.64,0.0,0.0
30,1,13,2,35.9,5.22,239.87,1.63,0.0,0.0
48,1,11,7,36.8,9.23,465.34,2.93,0.0,0.0
40,1,22,2,70.8,13.6,5786.91,3.84,0.0,1.0
30,3,8,6,49.2,15.54,2989.46,4.66,1.0,1.0
44,2,21,25,106.3,3.12,1741.19,1.58,0.0,0.0
47,2,18,3,160.0,5.15,3782.16,4.46,0.0,0.0
51,2,6,9,65.7,11.3,2902.82,4.52,0.0,1.0
28,2,9,7,35.2,3.18,611.17,0.51,0.0,0.0
28,1,5,5,17.1,7.11,413.38,0.8,0.0,0.0
26,1,5,1,19.7,15.52,1534.83,1.52,0.0,1.0
40,2,20,14,107.5,9.25,1322.52,8.62,0.0,0.0
37,1,13,11,27.7,8.76,1293.34,1.13,0.0,0.0
36,1,14,12,33.1,5.46,648.81,1.16,0.0,0.0
24,2,3,3,31.8,15.28,1205.04,3.65,0.0,1.0
37,1,5,8,23.0,3.58,239.61,0.58,0.0,0.0
28,2,0,2,23.7,15.07,578.6,2.99,1.0,1.0
27,3,5,7,33.0,8.91,732.13,2.21,0.0,0.0
39,2,3,19,31.1,7.61,198.8,2.17,0.0,0.0
37,2,13,18,101.2,17.82,7195.5,10.84,0.0,1.0
21,1,4,0,22.0,17.23,769.49,3.02,1.0,1.0
39,1,23,15,68.5,4.74,694.84,2.55,0.0,0.0
42,2,2,3,38.9,16.81,3040.68,3.5,1.0,1.0
49,2,11,9,46.4,6.61,266.83,2.8,0.0,0.0
39,5,8,4,58.4,31.54,6170.49,12.25,1.0,1.0
32,3,1,3,23.7,8.64,567.21,1.48,1.0,1.0
41,3,15,6,48.4,13.66,4171.82,2.44,0.0,1.0
54,3,16,29,117.2,29.51,7850.96,26.73,0.0,1.0
33,2,3,13,53.4,16.61,3193.11,5.68,1.0,1.0
40,1,2,7,23.5,17.9,1712.05,2.49,0.0,1.0
39,2,11,0,37.9,9.98,234.51,3.55,0.0,0.0
32,1,5,3,27.0,5.94,338.4,1.27,0.0,0.0
37,1,7,3,41.3,8.48,710.95,2.79,0.0,0.0
37,1,1,14,18.6,3.19,325.74,0.27,0.0,0.0
38,1,19,13,72.2,13.25,3549.17,6.02,0.0,0.0
33,1,15,10,58.1,6.57,942.84,2.87,0.0,0.0
40,2,3,10,32.8,2.47,22.68,0.79,0.0,0.0
36,1,9,15,31.1,9.03,1446.29,1.36,0.0,0.0
48,2,2,25,27.9,1.47,148.47,0.26,0.0,0.0
34,1,17,1,63.5,6.11,275.47,3.6,0.0,0.0
42,2,13,18,57.9,22.54,1500.83,11.55,0.0,0.0
42,1,4,10,36.2,12.55,1376.56,3.17,0.0,1.0
50,1,1,31,21.4,3.42,720.17,0.01,0.0,0.0
38,1,0,17,32.7,4.16,384.97,0.98,0.0,0.0
40,2,6,4,36.9,11.28,707.59,3.45,0.0,1.0
29,3,7,6,80.7,16.97,7093.9,6.6,1.0,1.0
34,1,4,8,35.8,22.31,279.54,7.71,0.0,1.0
46,2,11,14,35.6,9.56,1426.01,1.98,0.0,0.0
44,1,7,11,49.3,10.28,3284.09,1.78,0.0,1.0
34,2,12,14,54.7,9.71,329.3,4.98,0.0,0.0
49,2,9,25,31.8,8.07,1519.23,1.05,0.0,0.0
34,4,1,3,33.7,4.88,258.2,1.39,0.0,1.0
41,2,1,7,17.2,5.4,548.92,0.38,0.0,0.0
42,1,0,11,18.6,3.3,326.54,0.29,0.0,0.0
41,1,12,5,39.4,6.44,1522.42,1.01,0.0,0.0
23,2,0,1,17.8,8.73,472.4,1.08,1.0,1.0
26,1,5,2,32.4,6.7,520.99,1.65,0.0,0.0
36,1,12,1,50.2,7.53,2014.77,1.77,0.0,0.0
35,1,19,7,101.3,10.62,4303.22,6.45,0.0,0.0
29,2,3,0,40.3,1.64,198.94,0.46,0.0,0.0
40,1,4,15,42.5,3.64,680.68,0.87,0.0,0.0
29,3,5,8,72.6,18.32,3325.08,9.98,1.0,1.0
44,2,4,22,38.6,1.35,287.65,0.23,0.0,0.0
30,1,5,11,26.8,11.58,642.41,2.46,0.0,0.0
47,1,30,27,90.7,16.19,5330.41,9.35,0.0,0.0
46,2,27,2,108.5,24.68,9024.12,17.75,1.0,1.0
46,5,5,17,23.9,23.24,1688.53,3.87,0.0,1.0
42,1,17,5,52.0,3.43,413.8,1.37,0.0,0.0
29,1,8,10,22.4,5.26,629.18,0.55,0.0,0.0
25,2,6,5,30.3,11.01,790.64,2.55,0.0,0.0
43,2,14,12,42.3,5.25,404.18,1.82,0.0,0.0
45,1,8,1,48.8,6.43,891.15,2.25,0.0,0.0
38,2,11,9,55.9,8.72,1394.1,3.48,0.0,0.0
21,3,0,1,23.9,14.68,1038.52,2.47,1.0,1.0
30,1,2,10,20.2,9.83,520.24,1.47,0.0,0.0
40,1,6,21,27.9,13.64,1019.89,2.79,0.0,0.0
29,1,12,6,27.5,17.96,2647.3,2.29,0.0,1.0
49,2,31,0,246.6,6.35,2505.46,13.15,0.0,0.0
45,1,10,11,33.6,30.42,4088.45,6.13,1.0,1.0
38,2,5,2,45.8,4.65,594.19,1.54,0.0,0.0
36,1,10,17,55.2,10.4,792.23,4.95,0.0,0.0
44,1,25,17,113.8,13.76,6623.71,9.04,0.0,0.0
41,4,7,8,54.7,4.48,205.85,2.24,0.0,0.0
42,1,18,8,56.2,9.78,906.9,4.59,0.0,0.0
32,1,2,6,19.7,16.96,1132.64,2.21,0.0,1.0
48,1,12,8,65.5,7.82,2627.64,2.49,0.0,0.0
38,3,6,5,18.8,19.87,1292.5,2.44,1.0,1.0
35,2,0,1,28.6,7.11,250.12,1.78,0.0,1.0
43,2,23,18,200.5,26.25,32368.22,20.26,1.0,1.0
40,1,8,4,25.7,4.62,749.21,0.44,0.0,0.0
27,2,8,5,30.3,8.03,771.29,1.66,0.0,0.0
42,2,4,20,36.0,8.31,547.46,2.44,0.0,0.0
35,1,16,9,57.6,15.85,4053.54,5.08,0.0,0.0
24,2,0,4,17.4,11.01,1193.51,0.72,0.0,1.0
36,1,7,6,23.2,16.69,956.4,2.92,0.0,1.0
36,1,4,11,21.3,30.57,1875.29,4.64,1.0,1.0
49,1,29,11,120.3,9.52,3916.78,7.54,0.0,0.0
24,1,6,2,30.7,15.42,1898.31,2.84,0.0,1.0
26,2,0,4,19.8,3.3,113.69,0.54,0.0,0.0
27,1,11,7,27.5,14.9,659.7,3.44,0.0,0.0
36,2,2,12,33.0,13.05,1106.77,3.2,0.0,1.0
33,1,6,6,46.6,18.25,1403.24,7.1,1.0,1.0
46,1,22,14,91.7,14.51,2967.16,10.34,0.0,0.0
33,1,15,14,35.0,6.46,861.44,1.4,0.0,0.0
37,3,9,3,94.6,7.5,2100.12,4.99,0.0,1.0
21,1,4,1,18.3,4.84,201.94,0.68,0.0,0.0
41,1,7,15,34.4,13.62,163.98,4.52,0.0,0.0
26,1,5,7,23.7,9.88,1430.69,0.91,0.0,0.0
35,1,5,5,30.2,13.17,799.45,3.18,0.0,1.0
35,2,15,7,48.4,4.9,1036.39,1.34,0.0,0.0
31,2,1,2,16.7,12.18,1257.05,0.78,1.0,1.0
36,4,3,12,16.2,9.19,541.92,0.95,0.0,0.0
32,3,6,8,24.9,21.95,2683.59,2.78,1.0,1.0
28,2,5,1,27.0,4.73,241.37,1.04,0.0,0.0
26,1,0,0,21.6,23.84,3264.74,1.88,1.0,1.0
34,1,2,0,16.3,15.02,90.59,2.36,0.0,1.0
32,1,1,13,30.1,3.93,294.55,0.89,0.0,0.0
45,1,19,16,68.1,7.46,1356.43,3.72,0.0,0.0
44,1,1,17,29.5,16.44,1420.99,3.43,0.0,1.0
44,1,26,15,110.5,30.27,5151.05,28.3,0.0,1.0
37,1,16,2,110.2,6.47,5283.29,1.85,0.0,1.0
34,2,12,11,19.1,7.75,525.49,0.95,0.0,0.0
27,2,6,1,32.4,7.12,1559.45,0.75,0.0,1.0
42,2,22,21,97.6,4.66,636.74,3.91,0.0,0.0
35,1,9,14,42.6,6.63,723.04,2.1,0.0,0.0
30,2,9,5,24.8,9.4,1652.82,0.68,0.0,0.0
36,1,13,0,76.4,1.47,117.92,1.01,0.0,0.0
46,2,5,17,45.5,8.38,918.91,2.89,0.0,0.0
20,3,0,0,16.5,2.86,266.15,0.21,0.0,1.0
25,1,8,2,25.3,9.01,125.37,2.15,0.0,0.0
24,1,6,4,23.3,3.26,223.32,0.54,0.0,0.0
39,2,19,15,57.9,10.89,762.94,5.54,0.0,0.0
25,1,8,0,21.4,31.41,510.85,6.21,1.0,1.0
32,1,8,1,24.2,17.57,990.7,3.26,0.0,1.0
39,2,4,13,33.3,4.6,652.55,0.88,0.0,0.0
47,1,2,5,33.4,20.17,2506.08,4.23,1.0,1.0
42,1,19,6,44.3,13.09,2679.08,3.12,0.0,0.0
33,1,13,1,31.6,2.21,252.11,0.45,0.0,0.0
37,1,19,3,50.7,13.66,1364.35,5.56,0.0,0.0
45,1,0,23,27.3,10.03,271.08,2.47,0.0,0.0
43,1,18,16,60.7,5.1,510.79,2.58,0.0,0.0
45,4,13,13,58.6,6.32,1529.55,2.17,0.0,0.0
27,2,3,7,44.6,7.5,585.38,2.76,0.0,0.0
42,2,9,2,29.2,1.96,52.65,0.52,0.0,0.0
24,3,2,0,39.7,16.84,1510.92,5.17,1.0,1.0
29,3,3,10,31.4,20.95,3697.0,2.88,1.0,1.0
33,1,13,7,32.6,4.21,1150.12,0.22,0.0,0.0
30,1,9,7,35.3,10.68,2454.3,1.32,0.0,0.0
31,1,1,9,18.9,14.65,1273.67,1.5,0.0,1.0
34,1,17,5,47.8,15.82,1663.63,5.9,0.0,0.0
31,3,9,6,77.7,8.7,3765.26,2.99,0.0,1.0
48,1,11,17,45.3,3.81,269.25,1.46,0.0,0.0
32,1,5,10,38.1,2.1,267.23,0.53,0.0,0.0
43,3,13,8,43.0,16.54,938.81,6.17,0.0,0.0
44,1,8,22,45.7,12.81,2359.23,3.49,0.0,0.0
43,2,20,18,189.2,13.74,6057.09,19.94,0.0,0.0
33,4,3,10,21.0,1.65,133.4,0.21,0.0,0.0
22,1,6,2,25.6,4.39,552.93,0.57,0.0,0.0
23,4,0,2,14.2,21.56,1849.16,1.21,1.0,1.0
40,1,24,1,64.5,20.73,935.96,12.43,0.0,0.0
40,1,22,3,47.4,5.91,383.78,2.42,0.0,0.0
36,2,3,1,74.1,14.55,1628.01,9.15,1.0,1.0
28,1,7,6,18.7,10.4,283.94,1.66,0.0,0.0
39,3,6,1,60.4,6.19,209.37,3.53,0.0,0.0
26,2,3,6,33.4,5.33,256.35,1.52,0.0,0.0
42,2,20,17,80.3,8.45,1519.92,5.27,0.0,0.0
42,1,10,13,40.6,3.62,88.18,1.38,0.0,0.0
51,1,26,8,86.6,14.52,7544.59,5.03,0.0,1.0
35,3,9,1,165.7,17.56,8467.2,20.63,1.0,1.0
53,1,26,4,110.3,13.05,5757.66,8.64,0.0,0.0
24,2,5,3,34.0,12.26,687.79,3.48,0.0,1.0
40,2,6,11,36.4,11.69,1927.59,2.33,0.0,1.0
29,2,3,5,32.8,9.41,996.93,2.09,0.0,1.0
37,1,11,10,40.3,9.59,2519.83,1.34,0.0,0.0
51,1,29,18,92.8,7.02,1726.36,4.79,0.0,0.0
33,1,6,7,37.6,5.77,71.59,2.1,0.0,0.0
24,1,3,2,27.3,4.59,525.04,0.73,0.0,0.0
39,3,6,2,35.4,37.23,4454.64,8.72,1.0,1.0
49,3,21,2,84.7,21.18,5597.11,12.34,0.0,1.0
36,1,6,1,35.9,3.91,369.17,1.03,0.0,0.0
24,1,6,5,21.5,3.15,136.13,0.54,0.0,0.0
21,1,1,2,17.3,25.92,1349.73,3.13,1.0,1.0
27,1,9,0,23.7,8.19,1086.98,0.85,0.0,0.0
33,1,1,11,19.4,7.19,500.75,0.89,0.0,0.0
25,2,3,2,27.2,5.54,67.81,1.44,0.0,0.0
28,2,3,2,18.3,1.21,38.97,0.18,0.0,0.0
34,4,0,4,45.0,0.8,34.92,0.33,0.0,0.0
34,1,6,3,24.0,11.62,649.79,2.14,0.0,0.0
49,3,16,18,64.3,2.88,862.96,0.99,0.0,0.0
52,1,3,32,33.1,5.78,461.08,1.45,0.0,0.0
33,1,7,7,34.3,9.11,612.45,2.51,0.0,0.0
49,5,5,13,24.9,8.21,631.69,1.41,0.0,0.0
41,4,14,4,63.3,5.4,714.4,2.7,0.0,0.0
38,2,12,6,43.6,3.28,622.08,0.81,0.0,0.0
38,1,8,5,31.9,1.55,125.1,0.37,0.0,0.0
55,1,20,36,46.4,7.02,869.69,2.39,0.0,0.0
21,2,0,0,19.1,13.08,354.76,2.14,1.0,1.0
36,3,10,6,89.6,10.31,3103.89,6.13,0.0,1.0
44,1,1,2,24.0,16.21,497.97,3.39,0.0,1.0
26,1,9,2,29.4,11.55,1809.91,1.59,0.0,1.0
43,2,16,10,120.7,6.23,2090.45,5.43,0.0,0.0
32,2,8,6,20.2,6.76,106.51,1.26,0.0,0.0
31,1,15,3,35.0,1.42,126.74,0.37,0.0,0.0
28,1,2,5,27.0,17.99,2598.66,2.26,1.0,1.0
28,1,7,8,21.6,11.64,1081.12,1.43,0.0,0.0
46,1,3,12,27.2,8.81,280.37,2.12,0.0,0.0
35,4,7,14,95.7,23.16,9641.39,12.52,1.0,1.0
36,2,8,10,41.5,8.77,2860.69,0.78,0.0,0.0
36,1,10,3,28.6,1.89,261.62,0.28,0.0,0.0
45,2,15,7,69.5,9.82,4797.9,2.03,0.0,1.0
55,1,34,25,141.8,1.17,482.79,1.18,0.0,0.0
31,1,11,1,25.6,8.24,712.99,1.4,0.0,0.0
32,3,4,6,39.6,12.78,1634.66,3.43,0.0,1.0
26,2,3,4,40.7,17.86,1424.73,5.84,1.0,1.0
23,1,6,2,26.9,7.09,364.28,1.54,0.0,0.0
50,2,16,10,157.3,9.07,1341.11,12.93,0.0,0.0
29,1,7,4,35.5,9.32,608.78,2.7,0.0,0.0
32,1,14,7,54.5,24.45,3677.77,9.65,1.0,1.0
31,1,8,4,31.9,3.26,373.34,0.67,0.0,0.0
40,2,14,19,58.6,10.67,2238.44,4.01,0.0,0.0
40,4,13,12,46.9,1.92,594.32,0.31,0.0,0.0
43,2,4,9,23.2,6.43,329.68,1.16,0.0,0.0
47,2,8,2,32.8,1.28,55.84,0.36,0.0,0.0
46,4,0,10,62.5,12.44,1632.75,6.14,1.0,1.0
38,1,18,18,77.9,3.64,2163.53,0.67,0.0,0.0
25,1,5,1,20.5,14.24,884.52,2.03,0.0,1.0
27,1,2,7,21.4,2.26,16.44,0.47,0.0,0.0
33,1,14,8,48.4,23.27,6239.52,5.02,1.0,1.0
40,1,2,8,29.3,3.11,111.17,0.8,0.0,0.0
37,2,15,16,80.1,19.01,1416.11,13.81,0.0,0.0
25,2,4,1,13.5,11.85,297.55,1.3,0.0,1.0
28,3,3,7,43.1,6.43,806.46,1.96,0.0,0.0
42,2,6,1,79.2,7.89,4392.96,1.86,0.0,1.0
29,1,6,6,35.0,17.63,3757.83,2.41,1.0,1.0
35,1,10,7,30.2,19.16,2586.49,3.2,0.0,1.0
25,1,7,2,22.5,15.06,1033.49,2.36,0.0,1.0
23,1,6,2,30.6,12.81,999.56,2.92,1.0,1.0
27,1,4,0,24.6,9.81,1172.84,1.24,0.0,1.0
36,1,13,5,30.2,6.97,953.54,1.15,0.0,0.0
23,2,4,2,36.6,4.91,391.76,1.41,0.0,0.0
31,1,0,7,23.6,15.0,1610.7,1.93,0.0,1.0
55,1,0,10,22.9,3.84,449.35,0.43,0.0,0.0
30,1,8,8,27.3,4.81,702.52,0.61,0.0,0.0
38,3,1,14,27.4,12.73,1866.09,1.62,1.0,1.0
29,1,2,7,19.4,4.9,183.47,0.77,0.0,0.0
33,2,11,9,40.5,28.99,5635.66,6.11,1.0,1.0
38,4,4,9,62.6,11.78,3052.95,4.32,1.0,1.0
38,4,7,15,68.5,15.2,3946.15,6.47,0.0,1.0
28,2,2,2,41.3,14.73,4325.36,1.76,1.0,1.0
24,1,8,0,21.6,10.11,146.31,2.04,0.0,0.0
41,2,10,3,66.5,3.65,570.4,1.86,0.0,0.0
43,1,5,21,31.9,16.64,1443.82,3.86,0.0,0.0
27,3,2,0,60.2,3.75,144.48,2.11,0.0,1.0
35,1,15,4,48.7,15.91,1262.95,6.49,0.0,0.0
25,1,9,1,27.5,18.06,1211.83,3.75,0.0,1.0
31,1,1,10,25.1,19.31,1628.53,3.22,0.0,1.0
23,4,0,3,17.5,14.39,722.74,1.8,1.0,1.0
38,1,22,14,98.9,4.1,1301.62,2.75,0.0,0.0
31,1,9,8,37.5,19.8,1366.2,6.06,0.0,1.0
44,1,27,12,76.1,1.85,740.53,0.67,0.0,0.0
31,1,14,3,25.5,14.87,682.53,3.11,0.0,0.0
37,1,0,7,35.8,7.5,596.07,2.09,0.0,1.0
37,1,4,17,29.5,5.15,793.05,0.73,0.0,0.0
28,2,5,7,45.7,11.77,941.31,4.44,0.0,1.0
40,2,18,1,48.5,6.29,784.02,2.27,0.0,0.0
28,4,0,8,41.2,5.28,1179.05,1.0,0.0,1.0
32,3,9,0,92.1,10.44,3105.72,6.51,0.0,1.0
41,1,6,2,30.2,2.08,133.17,0.49,0.0,0.0
26,1,0,2,14.0,5.75,307.51,0.5,1.0,1.0
37,1,16,14,31.0,17.2,895.78,4.44,0.0,0.0
33,1,4,4,35.1,19.86,2816.23,4.15,1.0,1.0
48,2,23,20,126.3,11.01,3698.9,10.21,0.0,0.0
50,2,5,3,38.4,8.31,2485.82,0.71,0.0,1.0
39,3,9,7,159.1,8.77,1772.04,12.18,0.0,0.0
44,1,19,13,89.3,17.11,2154.37,13.12,0.0,0.0
34,1,16,0,86.0,9.87,3658.41,4.83,0.0,0.0
42,1,15,15,33.3,10.02,877.54,2.46,0.0,0.0
28,1,4,8,19.7,9.02,410.47,1.37,0.0,0.0
38,4,4,6,96.7,14.17,6645.66,7.06,1.0,1.0
40,1,17,18,75.1,7.19,718.16,4.68,0.0,0.0
23,1,7,0,21.0,3.45,137.66,0.59,0.0,0.0
33,4,4,1,28.1,20.06,4509.49,1.13,1.0,1.0
34,1,9,6,32.9,11.69,2053.77,1.79,0.0,0.0
35,1,16,10,38.4,9.27,2007.66,1.55,0.0,0.0
39,1,3,3,33.8,7.06,839.97,1.55,0.0,1.0
24,3,2,4,34.7,15.17,4037.48,1.23,1.0,1.0
35,1,17,10,57.3,7.63,905.0,3.47,0.0,0.0
43,1,15,8,108.3,15.96,4286.6,13.0,0.0,1.0
33,1,7,4,23.5,10.14,1055.62,1.33,0.0,0.0
27,1,2,3,19.2,8.57,518.31,1.13,0.0,1.0
35,1,5,12,31.7,6.91,1147.81,1.04,0.0,0.0
22,1,1,1,25.5,2.63,135.47,0.54,0.0,0.0
38,2,14,18,61.0,3.43,274.09,1.82,0.0,0.0
41,2,13,1,58.9,2.0,293.32,0.88,0.0,0.0
35,1,16,0,120.6,11.54,9213.21,4.7,0.0,1.0
32,1,1,1,17.9,3.69,124.84,0.54,0.0,0.0
31,1,4,8,22.5,6.84,455.54,1.08,0.0,0.0
29,2,3,9,26.1,6.15,555.38,1.05,0.0,0.0
45,1,19,21,46.3,6.16,387.88,2.46,0.0,0.0
42,3,6,11,55.4,7.59,487.76,3.72,0.0,0.0
55,1,36,35,199.7,5.67,6046.48,5.28,0.0,0.0
27,4,1,3,19.4,4.77,285.02,0.64,0.0,1.0
33,2,14,14,37.4,11.73,1504.75,2.88,0.0,0.0
43,1,8,21,36.8,6.69,888.75,1.57,0.0,0.0
30,2,11,8,45.3,2.22,31.18,0.97,0.0,0.0
26,1,9,1,43.7,2.88,318.42,0.94,0.0,0.0
43,4,16,21,64.2,8.93,3571.7,2.16,0.0,0.0
31,1,10,10,24.2,3.32,363.96,0.44,0.0,0.0
46,4,17,4,100.1,15.82,10324.95,5.51,1.0,1.0
49,2,0,10,26.6,18.8,1685.27,3.32,0.0,1.0
25,1,5,2,13.9,6.55,524.42,0.39,0.0,0.0
26,2,3,6,16.7,22.89,1387.61,2.44,1.0,1.0
28,1,4,4,25.3,0.27,39.07,0.03,0.0,0.0
35,5,9,15,84.4,9.59,485.64,7.61,0.0,0.0
31,2,12,3,37.9,4.72,583.17,1.21,0.0,0.0
40,4,15,6,171.0,18.86,6998.38,25.25,1.0,1.0
25,1,9,4,24.5,8.31,120.12,1.92,0.0,0.0
31,4,6,5,35.9,13.1,846.52,3.86,0.0,1.0
37,2,8,2,26.4,7.66,572.29,1.45,0.0,0.0
22,1,0,3,15.1,31.47,1444.6,3.31,1.0,1.0
36,2,15,6,33.2,9.6,60.56,3.13,0.0,0.0
51,1,26,15,128.7,6.81,4776.64,3.99,0.0,0.0
37,1,14,5,51.0,6.2,265.61,2.9,0.0,0.0
36,4,2,9,36.3,10.46,1739.02,2.06,0.0,1.0
24,1,0,3,19.3,3.94,359.68,0.4,0.0,1.0
36,1,4,17,26.5,22.23,1584.67,4.31,1.0,1.0
39,1,8,10,22.9,3.81,71.54,0.8,0.0,0.0
37,1,10,11,56.3,11.74,2247.27,4.36,0.0,0.0
27,1,1,6,21.4,9.53,544.53,1.49,0.0,1.0
36,1,0,13,19.1,1.64,51.06,0.26,0.0,0.0
33,2,11,10,27.0,5.48,316.63,1.16,0.0,0.0
22,1,2,0,18.2,5.89,194.03,0.88,0.0,1.0
28,2,6,8,30.8,6.59,700.25,1.33,0.0,0.0
44,1,16,16,96.3,1.24,137.32,1.06,0.0,0.0
38,1,13,3,29.9,2.2,344.03,0.31,0.0,0.0
38,1,7,7,28.1,5.01,347.73,1.06,0.0,0.0
34,3,2,4,33.5,12.82,1958.38,2.34,1.0,1.0
56,1,4,21,23.4,6.07,552.53,0.87,0.0,0.0
40,3,7,11,72.5,10.3,2524.02,4.94,0.0,1.0
37,1,13,13,33.0,7.49,758.81,1.71,0.0,0.0
27,1,9,5,28.8,14.63,2738.74,1.47,0.0,1.0
31,3,1,1,34.0,1.98,314.38,0.36,0.0,1.0
56,2,36,27,270.3,19.0,25986.64,25.37,1.0,1.0
38,1,13,11,27.8,7.46,354.63,1.72,0.0,0.0
49,1,14,14,55.7,5.73,1825.6,1.37,0.0,0.0
41,1,22,7,52.3,3.87,1171.9,0.85,0.0,0.0
30,1,2,8,17.4,4.34,303.57,0.45,0.0,0.0
40,2,3,5,36.4,3.33,81.21,1.13,0.0,0.0
25,2,4,1,17.1,6.93,331.81,0.85,0.0,0.0
32,1,4,7,28.5,14.0,566.58,3.42,0.0,1.0
46,1,17,0,77.8,16.53,7883.39,4.98,0.0,1.0
31,5,4,6,35.7,8.46,1072.18,1.95,0.0,1.0
31,2,6,2,28.4,14.56,1831.82,2.3,0.0,1.0
32,1,11,9,25.2,4.05,487.85,0.53,0.0,0.0
36,2,11,7,50.4,7.72,2630.23,1.26,0.0,0.0
39,1,7,9,61.7,2.93,1006.95,0.8,0.0,0.0
32,4,8,12,40.2,10.24,802.71,3.31,0.0,0.0
39,4,13,4,55.0,15.06,1374.98,6.91,0.0,0.0
38,1,20,14,46.3,3.19,465.25,1.01,0.0,0.0
35,2,8,6,55.1,5.81,182.47,3.02,0.0,0.0
37,2,12,8,67.3,16.38,606.31,10.42,0.0,0.0
43,3,3,18,39.1,1.26,135.97,0.36,0.0,0.0
29,2,8,1,51.9,9.06,789.96,3.91,0.0,0.0
30,2,11,7,34.5,10.8,1330.18,2.4,0.0,0.0
21,1,4,2,17.4,9.22,675.4,0.93,0.0,1.0
33,1,17,6,88.7,8.54,818.1,6.76,0.0,0.0
37,1,10,8,57.3,13.69,1812.05,6.03,0.0,0.0
28,1,1,4,15.3,18.84,1686.27,1.2,1.0,1.0
41,3,12,7,35.2,17.5,3018.4,3.14,0.0,1.0
32,1,14,12,26.9,10.03,339.96,2.36,0.0,0.0
31,1,8,2,26.6,0.45,64.52,0.06,0.0,0.0
26,3,3,4,36.7,10.6,455.15,3.44,0.0,1.0
35,1,8,2,35.4,9.43,1502.2,1.84,0.0,0.0
38,3,6,4,83.7,9.21,1934.9,5.77,0.0,1.0
33,1,13,14,36.5,11.03,366.36,3.66,0.0,0.0
34,3,6,9,27.2,7.48,996.93,1.04,0.0,0.0
51,1,20,5,74.0,13.75,1322.75,8.85,0.0,0.0
20,1,4,0,19.5,6.18,488.07,0.72,0.0,0.0
33,2,13,2,63.2,0.75,250.27,0.22,0.0,0.0
24,3,3,5,21.6,2.09,100.22,0.35,0.0,0.0
46,2,21,25,85.5,9.52,2051.18,6.09,0.0,0.0
39,4,5,13,31.1,4.99,772.84,0.78,0.0,0.0
30,4,1,3,42.7,7.1,870.1,2.16,0.0,1.0
36,1,1,16,24.8,3.07,345.66,0.42,0.0,0.0
33,4,10,4,82.9,17.14,3623.31,10.59,0.0,1.0
41,3,4,21,84.1,16.63,4041.9,9.94,0.0,1.0
33,1,5,3,28.0,9.17,1027.04,1.54,0.0,1.0
45,2,5,5,46.7,4.24,863.31,1.12,0.0,0.0
44,1,24,19,123.1,2.29,682.2,2.14,0.0,0.0
32,1,8,6,35.8,10.72,425.99,3.41,0.0,0.0
39,2,19,11,60.8,16.22,4210.97,5.65,0.0,0.0
45,2,23,3,284.1,4.22,443.59,11.55,0.0,0.0
41,2,6,10,29.0,3.62,325.44,0.72,0.0,0.0
36,1,12,0,73.2,12.81,4857.24,4.52,0.0,1.0
41,1,22,14,70.2,12.47,1663.25,7.09,0.0,0.0
44,1,3,11,17.5,0.91,94.59,0.06,0.0,0.0
37,2,8,18,66.2,3.7,492.33,1.96,0.0,0.0
34,2,3,1,28.0,9.76,568.42,2.16,0.0,1.0
22,1,4,2,13.5,6.88,562.85,0.37,0.0,0.0
37,2,4,5,28.8,2.81,229.84,0.58,0.0,0.0
33,2,12,13,56.5,3.37,337.02,1.57,0.0,0.0
22,2,3,1,18.8,5.58,471.02,0.58,0.0,0.0
49,1,32,19,161.0,7.55,1337.11,10.82,0.0,0.0
42,1,25,9,79.1,7.37,2320.21,3.51,0.0,0.0
34,1,6,0,31.4,5.23,425.33,1.22,0.0,0.0
30,2,10,9,42.5,10.55,1672.44,2.81,0.0,0.0
50,1,13,12,54.2,13.74,484.06,6.96,0.0,0.0
27,1,9,4,23.9,7.36,102.02,1.66,0.0,0.0
21,1,1,0,14.7,7.12,571.47,0.48,0.0,1.0
43,1,9,8,39.6,18.87,3818.46,3.65,0.0,1.0
44,2,0,4,24.4,12.38,891.11,2.13,1.0,1.0
46,3,10,24,31.7,6.17,1062.05,0.89,0.0,0.0
24,1,4,1,32.6,8.87,1431.35,1.46,0.0,1.0
49,1,13,29,47.9,10.21,1789.96,3.1,0.0,0.0
32,1,1,3,20.9,4.15,461.43,0.41,0.0,1.0
31,1,7,12,25.0,11.05,325.98,2.44,0.0,0.0
24,1,3,4,23.7,14.16,949.73,2.41,0.0,1.0
32,2,7,8,23.8,3.96,308.19,0.63,0.0,0.0
31,3,4,1,46.7,10.18,76.06,4.68,0.0,1.0
29,1,1,8,16.1,22.58,407.16,3.23,0.0,1.0
23,2,2,1,25.0,12.62,1419.75,1.74,1.0,1.0
36,1,19,15,60.0,12.01,540.45,6.67,0.0,0.0
31,1,3,3,25.4,4.82,194.66,1.03,0.0,0.0
47,1,7,13,62.8,21.9,6931.61,6.82,1.0,1.0
32,1,7,12,34.6,14.79,1796.19,3.32,0.0,0.0
41,1,5,14,30.6,5.39,352.96,1.3,0.0,0.0
34,2,1,12,34.8,1.63,198.53,0.37,0.0,0.0
46,3,8,22,85.8,6.29,1208.89,4.19,0.0,0.0
40,1,6,17,30.3,11.96,949.46,2.67,0.0,0.0
45,3,10,20,69.6,7.46,1142.28,4.05,0.0,0.0
21,1,3,0,18.7,18.11,2526.38,0.86,0.0,1.0
40,3,0,7,23.3,13.23,1100.48,1.98,1.0,1.0
26,1,4,5,13.0,9.77,768.41,0.5,0.0,0.0
33,4,4,11,85.7,6.35,968.67,4.47,0.0,0.0
44,3,4,5,51.7,9.31,2074.52,2.74,0.0,1.0
40,2,13,14,44.0,3.44,387.48,1.13,0.0,0.0
29,1,3,1,25.6,6.5,950.14,0.71,0.0,1.0
24,1,6,2,20.7,12.96,316.56,2.37,0.0,0.0
23,4,0,4,45.8,14.15,900.82,5.58,1.0,1.0
48,2,21,22,248.3,3.98,4694.11,5.19,0.0,0.0
41,1,5,20,32.7,8.57,1827.16,0.98,0.0,0.0
39,3,0,11,49.1,14.42,3271.06,3.81,1.0,1.0
41,1,8,16,31.4,3.0,43.33,0.9,0.0,0.0
25,1,7,6,30.9,6.32,1257.65,0.7,0.0,0.0
29,1,4,1,20.1,11.09,751.2,1.48,0.0,1.0
31,1,7,7,31.8,15.08,604.23,4.19,0.0,0.0
24,1,0,4,19.5,7.22,1071.41,0.34,0.0,1.0
36,1,4,15,24.9,12.37,1219.73,1.86,0.0,0.0
46,2,3,20,22.1,6.99,670.44,0.87,0.0,0.0
31,2,3,3,18.7,24.8,2017.36,2.62,1.0,1.0
48,1,14,19,38.2,7.12,369.9,2.35,0.0,0.0
44,1,20,0,71.7,2.5,623.79,1.17,0.0,0.0
